/*M!999999\- enable the sandbox mode */ 
-- MariaDB dump 10.19-11.5.2-MariaDB, for Win64 (AMD64)
--
-- Host: localhost    Database: board
-- ------------------------------------------------------
-- Server version	11.5.2-MariaDB

/*!40101 SET @OLD_CHARACTER_SET_CLIENT=@@CHARACTER_SET_CLIENT */;
/*!40101 SET @OLD_CHARACTER_SET_RESULTS=@@CHARACTER_SET_RESULTS */;
/*!40101 SET @OLD_COLLATION_CONNECTION=@@COLLATION_CONNECTION */;
/*!40101 SET NAMES utf8mb4 */;
/*!40103 SET @OLD_TIME_ZONE=@@TIME_ZONE */;
/*!40103 SET TIME_ZONE='+00:00' */;
/*!40014 SET @OLD_UNIQUE_CHECKS=@@UNIQUE_CHECKS, UNIQUE_CHECKS=0 */;
/*!40014 SET @OLD_FOREIGN_KEY_CHECKS=@@FOREIGN_KEY_CHECKS, FOREIGN_KEY_CHECKS=0 */;
/*!40101 SET @OLD_SQL_MODE=@@SQL_MODE, SQL_MODE='NO_AUTO_VALUE_ON_ZERO' */;
/*M!100616 SET @OLD_NOTE_VERBOSITY=@@NOTE_VERBOSITY, NOTE_VERBOSITY=0 */;

--
-- Table structure for table `author`
--

DROP TABLE IF EXISTS `author`;
/*!40101 SET @saved_cs_client     = @@character_set_client */;
/*!40101 SET character_set_client = utf8 */;
CREATE TABLE `author` (
  `id` bigint(20) NOT NULL AUTO_INCREMENT,
  `email` varchar(255) NOT NULL,
  `password` varchar(255) DEFAULT NULL,
  `name` varchar(255) DEFAULT NULL,
  `created_time` datetime DEFAULT current_timestamp(),
  PRIMARY KEY (`id`)
) ENGINE=InnoDB AUTO_INCREMENT=6 DEFAULT CHARSET=utf8mb4 COLLATE=utf8mb4_uca1400_ai_ci;
/*!40101 SET character_set_client = @saved_cs_client */;

--
-- Dumping data for table `author`
--

LOCK TABLES `author` WRITE;
/*!40000 ALTER TABLE `author` DISABLE KEYS */;
INSERT INTO `author` VALUES
(1,'skjwj0511@naver.com','0421','장기현','2024-11-22 10:23:46'),
(2,'ko@naver.com','0000','고준혁','2024-11-22 10:25:14'),
(3,'hong@naver.com','1111','홍노스','2024-11-22 10:25:41'),
(4,'sj@naver.com','1212','임성재','2024-11-22 10:26:13'),
(5,'study@naver.com','4444','추가연','2024-11-22 10:26:56');
/*!40000 ALTER TABLE `author` ENABLE KEYS */;
UNLOCK TABLES;

--
-- Table structure for table `author_address`
--

DROP TABLE IF EXISTS `author_address`;
/*!40101 SET @saved_cs_client     = @@character_set_client */;
/*!40101 SET character_set_client = utf8 */;
CREATE TABLE `author_address` (
  `id` bigint(20) NOT NULL AUTO_INCREMENT,
  `author_id` bigint(20) NOT NULL,
  `conutry` varchar(255) DEFAULT NULL,
  `city` varchar(255) DEFAULT NULL,
  `street` varchar(255) DEFAULT NULL,
  `created_time` datetime DEFAULT current_timestamp(),
  PRIMARY KEY (`id`),
  KEY `author_id` (`author_id`),
  CONSTRAINT `author_address_ibfk_1` FOREIGN KEY (`author_id`) REFERENCES `author` (`id`)
) ENGINE=InnoDB AUTO_INCREMENT=7 DEFAULT CHARSET=utf8mb4 COLLATE=utf8mb4_uca1400_ai_ci;
/*!40101 SET character_set_client = @saved_cs_client */;

--
-- Dumping data for table `author_address`
--

LOCK TABLES `author_address` WRITE;
/*!40000 ALTER TABLE `author_address` DISABLE KEYS */;
INSERT INTO `author_address` VALUES
(1,1,'Korea','seoul','비밀임','2024-11-22 10:29:21'),
(3,2,'Korea','서울특별시','한화플레이 학원','2024-11-22 10:30:44'),
(4,3,'타이탄','인피니티컨틀릿','파워스톤','2024-11-22 10:32:14'),
(5,4,'메이플월드','헤네시스','자유시장','2024-11-22 10:32:41'),
(6,5,'로스트아크','불명','불명','2024-11-22 10:33:05');
/*!40000 ALTER TABLE `author_address` ENABLE KEYS */;
UNLOCK TABLES;

--
-- Table structure for table `author_post`
--

DROP TABLE IF EXISTS `author_post`;
/*!40101 SET @saved_cs_client     = @@character_set_client */;
/*!40101 SET character_set_client = utf8 */;
CREATE TABLE `author_post` (
  `id` bigint(20) NOT NULL AUTO_INCREMENT,
  `author_id` bigint(20) NOT NULL,
  `post_id` bigint(20) NOT NULL,
  `created_time` datetime DEFAULT current_timestamp(),
  PRIMARY KEY (`id`),
  KEY `author_id` (`author_id`),
  KEY `post_id` (`post_id`),
  CONSTRAINT `author_post_ibfk_1` FOREIGN KEY (`author_id`) REFERENCES `author` (`id`),
  CONSTRAINT `author_post_ibfk_2` FOREIGN KEY (`post_id`) REFERENCES `post` (`id`)
) ENGINE=InnoDB AUTO_INCREMENT=6 DEFAULT CHARSET=utf8mb4 COLLATE=utf8mb4_uca1400_ai_ci;
/*!40101 SET character_set_client = @saved_cs_client */;

--
-- Dumping data for table `author_post`
--

LOCK TABLES `author_post` WRITE;
/*!40000 ALTER TABLE `author_post` DISABLE KEYS */;
INSERT INTO `author_post` VALUES
(1,1,1,'2024-11-22 10:46:52'),
(2,1,2,'2024-11-22 10:46:59'),
(5,2,2,'2024-11-22 10:47:22');
/*!40000 ALTER TABLE `author_post` ENABLE KEYS */;
UNLOCK TABLES;

--
-- Table structure for table `author_post2`
--

DROP TABLE IF EXISTS `author_post2`;
/*!40101 SET @saved_cs_client     = @@character_set_client */;
/*!40101 SET character_set_client = utf8 */;
CREATE TABLE `author_post2` (
  `author_id` bigint(20) NOT NULL,
  `post_id` bigint(20) NOT NULL,
  PRIMARY KEY (`author_id`,`post_id`),
  KEY `post_id` (`post_id`),
  CONSTRAINT `author_post2_ibfk_1` FOREIGN KEY (`author_id`) REFERENCES `author` (`id`),
  CONSTRAINT `author_post2_ibfk_2` FOREIGN KEY (`post_id`) REFERENCES `post` (`id`)
) ENGINE=InnoDB DEFAULT CHARSET=utf8mb4 COLLATE=utf8mb4_uca1400_ai_ci;
/*!40101 SET character_set_client = @saved_cs_client */;

--
-- Dumping data for table `author_post2`
--

LOCK TABLES `author_post2` WRITE;
/*!40000 ALTER TABLE `author_post2` DISABLE KEYS */;
/*!40000 ALTER TABLE `author_post2` ENABLE KEYS */;
UNLOCK TABLES;

--
-- Table structure for table `post`
--

DROP TABLE IF EXISTS `post`;
/*!40101 SET @saved_cs_client     = @@character_set_client */;
/*!40101 SET character_set_client = utf8 */;
CREATE TABLE `post` (
  `id` bigint(20) NOT NULL AUTO_INCREMENT,
  `title` varchar(255) NOT NULL,
  `contents` varchar(3000) DEFAULT NULL,
  `created_time` datetime DEFAULT current_timestamp(),
  PRIMARY KEY (`id`)
) ENGINE=InnoDB AUTO_INCREMENT=3 DEFAULT CHARSET=utf8mb4 COLLATE=utf8mb4_uca1400_ai_ci;
/*!40101 SET character_set_client = @saved_cs_client */;

--
-- Dumping data for table `post`
--

LOCK TABLES `post` WRITE;
/*!40000 ALTER TABLE `post` DISABLE KEYS */;
INSERT INTO `post` VALUES
(1,'반가워요','사실 안반가움ㅋ','2024-11-22 10:34:35'),
(2,'ㅎ2','ㅎ2ㅎ2','2024-11-22 10:34:50');
/*!40000 ALTER TABLE `post` ENABLE KEYS */;
UNLOCK TABLES;
/*!40103 SET TIME_ZONE=@OLD_TIME_ZONE */;

/*!40101 SET SQL_MODE=@OLD_SQL_MODE */;
/*!40014 SET FOREIGN_KEY_CHECKS=@OLD_FOREIGN_KEY_CHECKS */;
/*!40014 SET UNIQUE_CHECKS=@OLD_UNIQUE_CHECKS */;
/*!40101 SET CHARACTER_SET_CLIENT=@OLD_CHARACTER_SET_CLIENT */;
/*!40101 SET CHARACTER_SET_RESULTS=@OLD_CHARACTER_SET_RESULTS */;
/*!40101 SET COLLATION_CONNECTION=@OLD_COLLATION_CONNECTION */;
/*M!100616 SET NOTE_VERBOSITY=@OLD_NOTE_VERBOSITY */;

-- Dump completed on 2024-11-25 10:17:20
